{"_step":75,"[F1][SF]/sf_p1_val_acc":0.680327868852459,"[F1][SF]/sf_p1_val_f1":0.6139364701616202,"[F1][SF]/sf_p1_val_score":0.6404930296379557,"[F1][SF]/sf_p1_lr":3.655423843634923e-05,"_wandb":{"runtime":6387},"_runtime":6387.677447436,"_timestamp":1.7729622783483033e+09}